asquithplumbinggroup.com.au,Not Found
australiancateringsolutions.com.au,Not Found
baio.com.au,Not Found
catholictheology.asn.au,Not Found
dfmortimer.com.au,Not Found
floatforhealth.com.au,Not Found
form.callservice.com.au,Not Found
kalex.net.au,Not Found
kazarigallery.com,NS1.WEBALIVE.BIZ NS2.WEBALIVE.BIZ 
koorienightmarket.com,Not Found
mobile.antennainstallation.com.au,Not Found
mobile.ipswichantennainstallation.com.au,Not Found
mobile.premierpainting.com.au,Not Found
mobile.wallmountstv.com.au,Not Found
ourlocalbutcher.com.au,Not Found
platinumshowers.net.au,Not Found
profileautomation.com,NS1.WEBALIVE.BIZ NS2.WEBALIVE.BIZ NS3.WEBALIVE.BIZ 
promoclip.com.au,Not Found
promoclip.net.au,Not Found
rcgmotor.com.au,Not Found
rcgmotors.com.au,Not Found
samayamoods.com.au,Not Found
southamstudios.com.au,Not Found
symphony-mobile.com,NS1.WEBALIVE.BIZ NS2.WEBALIVE.BIZ NS3.WEBALIVE.BIZ 
theredwineshop.com,NS1.WEBALIVE.BIZ NS2.WEBALIVE.BIZ NS3.WEBALIVE.BIZ 
upandgofitness.com,Not Found
webalive.ca,Not Found
whitesmile.com.au,Not Found
